{
   "abstract" : "different statistical algorithms library",
   "author" : [
      "Igor Karbachinsky"
   ],
   "dynamic_config" : 0,
   "generated_by" : "ExtUtils::MakeMaker version 7.04, CPAN::Meta::Converter version 2.120351",
   "license" : [
      "unknown"
   ],
   "meta-spec" : {
      "url" : "http://search.cpan.org/perldoc?CPAN::Meta::Spec",
      "version" : "2"
   },
   "name" : "Algorithm-Statistic",
   "no_index" : {
      "directory" : [
         "t",
         "inc"
      ]
   },
   "prereqs" : {
      "build" : {
         "requires" : {
            "ExtUtils::MakeMaker" : "0"
         }
      },
      "configure" : {
         "requires" : {
            "ExtUtils::MakeMaker" : "0"
         }
      },
      "runtime" : {
         "requires" : {
            "Exporter" : "5.57",
            "Test::More" : "0",
            "Test::Requires" : "0"
         }
      }
   },
   "release_status" : "stable",
   "version" : "0.01"
}
